questionID,cardType,correct,D1,D2,D3
1,fiveframe,2,3,1,4
2,fiveframe,2,4,1,5
3,fiveframe,2,5,0,4
4,fiveframe,3,4,2,1
5,fiveframe,1,5,3,4
6,fiveframe,4,3,2,1
7,fiveframe,2,4,3,1
8,fiveframe,5,1,2,0
9,fiveframe,1,4,5,0
10,fiveframe,1,0,2,5
11,fiveframe,2,1,4,0
12,fiveframe,0,2,3,5
13,fiveframe,3,0,2,5
14,fiveframe,3,2,0,5
15,fiveframe,0,2,5,3
16,fiveframe,3,4,1,0
17,fiveframe,2,3,1,5
18,fiveframe,0,5,4,3
19,fiveframe,3,5,4,2
20,fiveframe,5,1,0,3
21,fiveframe,1,0,4,5
22,fiveframe,1,4,0,3
23,fiveframe,2,1,0,5
24,fiveframe,4,3,2,0
25,fiveframe,1,5,4,3
26,fiveframe,2,4,5,3
27,fiveframe,5,4,2,0
28,fiveframe,3,1,2,5
29,fiveframe,3,2,0,5
30,fiveframe,0,3,1,2
31,fiveframe,3,1,0,4
32,fiveframe,2,3,1,5
33,fiveframe,2,5,0,4
34,fiveframe,5,2,4,3
35,fiveframe,3,5,2,0
36,fiveframe,1,5,4,3
37,fiveframe,0,5,4,2
38,fiveframe,1,3,5,2
39,fiveframe,5,3,0,2
40,fiveframe,1,3,0,5
41,fiveframe,3,4,1,5
42,fiveframe,1,2,5,0
43,fiveframe,1,0,2,4
44,fiveframe,4,5,0,3
45,fiveframe,5,4,3,2
46,fiveframe,3,0,2,5
47,fiveframe,4,5,0,1
48,fiveframe,4,0,1,5
49,fiveframe,0,5,4,1
50,fiveframe,4,0,3,1
51,fiveframe,4,2,1,3
52,fiveframe,5,4,3,2
53,fiveframe,2,3,0,1
54,fiveframe,1,5,4,3
55,fiveframe,5,4,2,1
56,fiveframe,1,0,3,2
57,fiveframe,0,1,2,5
58,fiveframe,4,2,1,5
59,fiveframe,0,5,4,3
60,fiveframe,4,5,3,2
61,fiveframe,3,1,2,4
62,fiveframe,3,0,1,5
63,fiveframe,5,1,4,2
64,fiveframe,1,5,0,2
65,fiveframe,5,2,3,1
66,fiveframe,1,0,3,2
67,fiveframe,3,0,4,2
68,fiveframe,3,0,1,4
69,fiveframe,2,1,0,4
70,fiveframe,0,1,2,5
71,fiveframe,4,3,0,2
72,fiveframe,0,2,4,5
73,fiveframe,1,2,3,4
74,fiveframe,3,1,0,4
75,fiveframe,0,2,3,5
76,fiveframe,5,2,0,3
77,fiveframe,0,1,4,5
78,fiveframe,2,5,0,1
79,fiveframe,4,3,0,2
80,fiveframe,3,2,1,0
81,fiveframe,3,5,1,0
82,fiveframe,2,5,4,1
83,fiveframe,5,1,0,4
84,fiveframe,0,2,3,4
85,fiveframe,3,2,1,4
86,fiveframe,4,5,2,1
87,fiveframe,1,0,2,4
88,fiveframe,2,3,0,5
89,fiveframe,2,4,0,5
90,fiveframe,4,5,0,1
91,fiveframe,3,5,2,0
92,fiveframe,3,0,1,4
93,fiveframe,5,2,3,4
94,fiveframe,2,4,5,3
95,fiveframe,4,3,1,0
96,fiveframe,0,5,4,3
97,fiveframe,4,3,1,2
98,fiveframe,1,0,5,4
99,fiveframe,4,1,3,2
100,fiveframe,3,1,0,5
101,tenframe,8,6,2,4
102,tenframe,10,4,1,2
103,tenframe,10,4,9,5
104,tenframe,2,7,1,0
105,tenframe,8,4,10,9
106,tenframe,3,6,5,9
107,tenframe,5,0,6,8
108,tenframe,10,1,7,3
109,tenframe,8,10,0,3
110,tenframe,1,7,2,8
111,tenframe,5,4,9,1
112,tenframe,10,9,4,1
113,tenframe,9,6,2,7
114,tenframe,6,4,5,2
115,tenframe,3,6,5,1
116,tenframe,10,4,9,7
117,tenframe,5,10,9,3
118,tenframe,9,8,3,6
119,tenframe,5,0,8,3
120,tenframe,8,7,4,9
121,tenframe,6,8,1,4
122,tenframe,7,9,8,3
123,tenframe,4,10,8,3
124,tenframe,2,0,1,8
125,tenframe,6,2,8,10
126,tenframe,7,0,5,4
127,tenframe,7,8,0,10
128,tenframe,0,2,9,8
129,tenframe,2,0,3,4
130,tenframe,3,4,9,7
131,tenframe,9,5,1,0
132,tenframe,1,10,3,7
133,tenframe,8,9,3,5
134,tenframe,8,7,3,4
135,tenframe,4,10,0,5
136,tenframe,3,9,6,7
137,tenframe,2,7,9,3
138,tenframe,5,6,4,7
139,tenframe,2,10,0,9
140,tenframe,1,8,3,9
141,tenframe,2,1,4,7
142,tenframe,6,5,4,10
143,tenframe,9,1,4,6
144,tenframe,4,6,8,10
145,tenframe,6,8,4,9
146,tenframe,8,2,9,1
147,tenframe,10,7,8,9
148,tenframe,10,4,5,2
149,tenframe,3,1,8,4
150,tenframe,8,9,4,3
151,tenframe,0,7,4,6
152,tenframe,9,0,7,1
153,tenframe,3,1,5,10
154,tenframe,7,4,9,3
155,tenframe,4,1,2,0
156,tenframe,0,7,10,8
157,tenframe,9,7,8,6
158,tenframe,5,7,8,10
159,tenframe,2,10,3,9
160,tenframe,8,0,5,6
161,tenframe,4,7,5,0
162,tenframe,5,3,10,6
163,tenframe,4,0,5,3
164,tenframe,5,7,8,1
165,tenframe,7,1,2,4
166,tenframe,0,5,6,2
167,tenframe,9,8,7,4
168,tenframe,1,0,2,7
169,tenframe,5,10,7,1
170,tenframe,9,10,5,3
171,tenframe,8,3,7,9
172,tenframe,0,6,7,3
173,tenframe,5,7,1,10
174,tenframe,7,4,0,8
175,tenframe,3,10,9,7
176,tenframe,9,5,7,0
177,tenframe,3,6,7,4
178,tenframe,4,3,10,8
179,tenframe,2,8,5,1
180,tenframe,0,3,4,1
181,tenframe,9,8,7,4
182,tenframe,9,3,2,0
183,tenframe,4,1,0,3
184,tenframe,9,10,7,8
185,tenframe,7,1,10,3
186,tenframe,7,4,0,6
187,tenframe,7,10,3,4
188,tenframe,7,10,3,1
189,tenframe,0,9,1,5
190,tenframe,4,8,5,0
191,tenframe,4,8,0,7
192,tenframe,0,5,7,3
193,tenframe,10,1,0,4
194,tenframe,5,9,6,10
195,tenframe,9,7,10,8
196,tenframe,0,9,3,10
197,tenframe,9,10,3,6
198,tenframe,3,0,10,6
199,tenframe,10,2,6,1
200,tenframe,4,10,9,7
201,doubletenframe,19,16,11,20
202,doubletenframe,19,18,11,16
203,doubletenframe,20,11,16,12
204,doubletenframe,12,13,17,16
205,doubletenframe,17,19,14,15
206,doubletenframe,16,12,15,17
207,doubletenframe,10,12,18,14
208,doubletenframe,18,16,12,20
209,doubletenframe,17,15,19,16
210,doubletenframe,11,13,12,14
211,doubletenframe,17,11,16,20
212,doubletenframe,16,17,15,10
213,doubletenframe,12,17,15,11
214,doubletenframe,16,14,17,18
215,doubletenframe,18,10,16,13
216,doubletenframe,11,10,16,13
217,doubletenframe,17,10,14,16
218,doubletenframe,18,17,20,14
219,doubletenframe,19,15,10,13
220,doubletenframe,13,10,15,14
221,doubletenframe,17,18,10,14
222,doubletenframe,18,13,11,10
223,doubletenframe,10,14,11,15
224,doubletenframe,10,18,12,20
225,doubletenframe,16,17,18,11
226,doubletenframe,12,10,13,11
227,doubletenframe,11,16,13,17
228,doubletenframe,12,17,11,14
229,doubletenframe,16,13,19,17
230,doubletenframe,20,12,18,17
231,doubletenframe,18,16,15,12
232,doubletenframe,14,16,19,11
233,doubletenframe,15,13,20,12
234,doubletenframe,14,18,20,10
235,doubletenframe,20,10,11,15
236,doubletenframe,11,15,10,18
237,doubletenframe,17,11,18,20
238,doubletenframe,19,18,14,12
239,doubletenframe,13,20,16,12
240,doubletenframe,18,15,20,11
241,doubletenframe,11,14,12,20
242,doubletenframe,15,10,11,17
243,doubletenframe,11,10,18,15
244,doubletenframe,19,15,12,18
245,doubletenframe,20,12,16,17
246,doubletenframe,16,15,13,11
247,doubletenframe,17,10,11,15
248,doubletenframe,19,15,10,13
249,doubletenframe,17,19,18,13
250,doubletenframe,12,19,20,13
251,doubletenframe,16,12,20,10
252,doubletenframe,11,10,18,20
253,doubletenframe,20,19,14,10
254,doubletenframe,20,14,16,17
255,doubletenframe,14,15,20,18
256,doubletenframe,15,19,13,18
257,doubletenframe,15,13,10,11
258,doubletenframe,10,18,19,17
259,doubletenframe,18,16,10,14
260,doubletenframe,15,10,13,20
261,doubletenframe,11,16,12,19
262,doubletenframe,15,18,12,20
263,doubletenframe,12,13,18,20
264,doubletenframe,20,13,18,10
265,doubletenframe,16,13,14,10
266,doubletenframe,12,13,14,11
267,doubletenframe,16,15,13,12
268,doubletenframe,18,19,16,11
269,doubletenframe,14,16,15,12
270,doubletenframe,19,11,10,13
271,doubletenframe,10,20,11,15
272,doubletenframe,10,18,17,13
273,doubletenframe,12,13,15,20
274,doubletenframe,14,16,12,10
275,doubletenframe,15,13,11,20
276,doubletenframe,14,18,19,13
277,doubletenframe,15,14,20,17
278,doubletenframe,12,18,14,11
279,doubletenframe,16,17,13,10
280,doubletenframe,19,14,11,18
281,doubletenframe,11,15,18,10
282,doubletenframe,10,13,15,19
283,doubletenframe,19,15,16,17
284,doubletenframe,16,20,12,13
285,doubletenframe,11,14,13,12
286,doubletenframe,11,12,14,10
287,doubletenframe,20,19,12,16
288,doubletenframe,12,16,14,18
289,doubletenframe,16,10,19,13
290,doubletenframe,19,11,17,14
291,doubletenframe,17,16,19,12
292,doubletenframe,15,13,14,16
293,doubletenframe,15,11,16,18
294,doubletenframe,12,18,14,13
295,doubletenframe,17,18,10,12
296,doubletenframe,10,18,12,14
297,doubletenframe,15,19,14,16
298,doubletenframe,16,11,10,13
299,doubletenframe,20,18,10,14
300,doubletenframe,20,15,16,13
